{"cameraMode":{"drawMode":0,"name":"Shaded","section":"Shading Mode"},"sceneLighting":false,"audioPlay":false,"sceneViewState":{"showFog":true,"showMaterialUpdate":false,"showSkybox":true,"showFlares":true,"showImageEffects":true,"showParticleSystems":true},"in2DMode":false,"pivot":{"x":-68.37681579589844,"y":2.311025381088257,"z":17.164899826049806},"rotation":{"x":-0.4207565486431122,"y":0.060342077165842059,"z":-0.028062717989087106,"w":-0.904729425907135},"size":14.458669662475586,"orthographic":false}