{"cameraMode":{"drawMode":0,"name":"Shaded","section":"Shading Mode"},"sceneLighting":false,"audioPlay":false,"sceneViewState":{"showFog":true,"showMaterialUpdate":false,"showSkybox":true,"showFlares":true,"showImageEffects":true,"showParticleSystems":true},"in2DMode":false,"pivot":{"x":0.0,"y":3.275515079498291,"z":-0.000001430511474609375},"rotation":{"x":-0.40357092022895815,"y":0.11262810975313187,"z":-0.05013583227992058,"w":-0.9066045880317688},"size":100.65083312988281,"orthographic":false}