{"cameraMode":{"drawMode":0,"name":"Shaded","section":"Shading Mode"},"sceneLighting":false,"audioPlay":false,"sceneViewState":{"showFog":true,"showMaterialUpdate":false,"showSkybox":true,"showFlares":true,"showImageEffects":true,"showParticleSystems":true},"in2DMode":false,"pivot":{"x":-77.54972076416016,"y":1.377767562866211,"z":13.044357299804688},"rotation":{"x":-0.4207565486431122,"y":0.060342077165842059,"z":-0.028062717989087106,"w":-0.904729425907135},"size":21.631893157958986,"orthographic":false}