{"cameraMode":{"drawMode":0,"name":"Shaded","section":"Shading Mode"},"sceneLighting":true,"audioPlay":false,"sceneViewState":{"showFog":true,"showMaterialUpdate":false,"showSkybox":true,"showFlares":true,"showImageEffects":true,"showParticleSystems":true},"in2DMode":false,"pivot":{"x":-78.66203308105469,"y":-8.178089141845704,"z":18.498271942138673},"rotation":{"x":-0.34964221715927126,"y":0.2570621967315674,"z":-0.10038872808218003,"w":-0.895316481590271},"size":53.25600814819336,"orthographic":false}